{
    "loss": 0.7142983675003052,
    "accuracy": 0.8899999856948853
}