{
    "loss": 7.405937671661377,
    "accuracy": 0.6783333420753479
}